1,Antique 1928 Singer Sewing Machine and Accessories,700.0,50,0.0
2,22 PCS Car Detailing Brushes Kit Cleaning Tool Set Cleaning Supplies Accessories,14.8,50,0.0
3,Black Console Waterfall Wireless Charger Cover Trim For Chevrolet Corvette C8,55.19,50,0.0
4,10 PCS Brushed Nickel Bathroom Hardware Towel Bar Set Bathroom Accessories Set,33.43,50,0.0
5,2Pcs Red D-Ring Tow Hook Cover for Ford F150 2004-2024 Exterior Accessories US,9.87,50,0.0
6,28Pcs White Car Interior LED Light Accessories For Dome Map License Plate Bulbs,12.99,50,0.0
7,2pcs LED Solar Cup Pad Car Light Cover Interior Decoration Car Light Accessories,14.99,50,0.0
8,2PCS FOR BMW X5 F15 2014-2018 CARBON BLADE FENDER COVER SET CAR TRIM ACCESSORIES,34.98,50,0.0
9,Hood Protector For 2022-2026 Ford Maverick Hood Shield Accessories,39.99,50,0.0
10,For Honda Pilot Car Accessories Door Sill Strip Protector Scuff Plate Guard X4,37.88,50,0.0
11,For Apple Airpods Pro NEW Ear Tips Replacement Accessories Cover (S/M/L),2.98,50,0.0
12,For Jeep Wrangler JK JKU 2007-2018 Limb Riser Kits 7611 Accessories,36.09,50,0.0
13,Rear Window Storage Molle Panel Kit Accessories For 2018-2025 Jeep Wrangler JL,124.99,50,0.0
14,ABS Carbon Keychains Key Cover Case For Nissan accessories USA,9.99,50,0.0
15,Carbon Fiber Key Fob Chain Fit Jeep Dodge Chrysler Accessories Cover Case Ring,4.99,50,0.0
16,NEW Magnetic Phone Holder Car Dashboard Screen Side Phone Holder Accessories,10.53,50,0.0
17,6Ft For BMW Accessories Rubber Front Windshield Panel Seal Strip Moulding Trim,11.99,50,0.0
18,Universal Fire Missile Eject Button Car Cigarette Lighter Cover Accessories 2PCS,8.25,50,0.0
19,For Chevy Silverado 2022+ 360° Phone Mount holder Dashboard Center Accessories,31.99,50,0.0
20,For Nissan Frontier Car Accessories Autos Door Sill Strip Protector Scuff Plate,39.99,50,0.0
21,Car Accessories For Nissan Rogue Steel Door Sill Protector Scuff Plate Guards X4,36.5,50,0.0
22,For 2018-2022 Subaru Crosstrek Accessories Center Console Gear Shift Panel Trim,25.99,50,0.0
23,Smoked Black Front Fog Light Guard Cover Trim Accessories For Ford Mustang 2018+,30.59,50,0.0
24,Go Pro Hero 7 & Accessories,150.0,50,0.0
25,motorcycle accessories,200.0,50,0.0
26,Rear Trunk Tailgate Storage Frame Panels Accessories For Ford Maverick 2022-2024,399.99,50,0.0
27,Front Grille For 2016-2023 Tacoma Matte Black Bumper Grill With Accessories,70.77,50,0.0
28,🔥6X Pillar Post Door Trim Black For Honda Civic Sedan 2022-2025 Car Accessories,16.8,50,0.0
29,TPE Hood Protector For 2023-2026 Honda Pilot Hood Shield Accessories,28.79,50,0.0
30,For 2018-2024 2025 2026 Toyota Camry Accessories Exterior Door Handle Cover Trim,21.99,50,0.0
31,For 2016-2021 Honda Civic Interior Central Armrest Box Panel Carbon Accessories,29.95,50,0.0
32,3rd Third Brake Light Trim Cover For Chevy Silverado GMC-SIERRA 19+ Accessories,45.99,50,0.0
33,4 Row Radiator For 1973-1987 1979 CHEVY TRUCK C10 C20 C30 K10 K20 5.7L 7.4L V8,229.0,50,0.0
34,Car Center Console Lid Armrest Cover For Toyota Tacoma Accessories 2016-2023,18.75,50,0.0
35,Front Bumper Corner Cover Trim For Ford F150 2015-2020 Carbon Fiber Accessories,36.99,50,0.0
36,For Mercedes-Benz Carbon Fiber Smart Car Key Case Cover Fob Holder Accessories,0.99,50,0.0
37,Glossy Black Rear Car Logo Badge Cover Trim For Chrysler 300 2011+ Accessories,23.99,50,0.0
38,Front Hood + Rear Trunk Emblem For KN Accessories Letter Gloss Black 2022-2025,38.99,50,0.0
39,100PCS Bumper Fender Hood Moulding Side Garnish Grille Retainer Clip Accessories,9.02,50,0.0
40,4PCS Car Auto Wheel Tire Tyre Air Valve Stem LED Light Caps Cover Accessories US,6.26,50,0.0
41,For Honda CR-V CRV Steel Accessories Protector Door Sill Scuff Plate Car Sticker,36.99,50,0.0
42,2pcs Car Interior Body Edge Black Elastic Net Storage Phone Holder Accessories,6.43,50,0.0
43,4PC Car Door Lock Protective Cover Silicone Shockproof Cushion Trim Accessories,2.99,50,0.0
44,Car Accessories Auto Armrest Cushion Cover Center Console Box Pad Protector **,7.9,50,0.0
45,Air Conditioner Switch Panel Trim Cover Inner Accessories for Jeep Wrangler JK,20.49,50,0.0
46,6X For 2011-2024 Dodge Charger Door Pillar Post Trim Gloss Black Car Accessories,21.99,50,0.0
47,8PCS Black Car Door Handle Bowl Film Sticker Trim Accessories for Mercedes Benz,16.14,50,0.0
48,For Jeep Grand Cherokee 14-20 Smoked Black Rear Taillight Accessories Cover Trim,40.55,50,0.0
49,13ft For Mazda Accessories V Shape Side Window Trim Edge Mould Seal Strip,11.87,50,0.0
50,EarTec Ultralite HD Wireless Headset System 6 + HUB & Extra Accessories,850.0,50,0.0
51,For GMC Canyon 2023-2025 Center Console Armrest Hidden Storage Box Accessories,16.99,50,0.0
