1,Sub-Zero DET3050R/R Designer Series 30 Inch Wide 16.4 Cu. Ft. Panel Ready Energy,4147.0,50,0.0
2,Frigidaire Wall Oven Control Board 316472802,69.0,50,0.0
3,Frigidaire Washer Spider Arm 131450000 134680200 131618500 WH45X10006,245.0,50,0.0
4,GRIDDLE COVER Chambers Stove B C D Model Range STAINLESS STEEL GRIDDLE COVER New,200.0,50,0.0
5,W10913953 Washer Shift Actuator Fit for W11481722 W10597177 AP6037270 W11398781,16.89,50,0.0
6,Upper Crisper Pan Compatible with Whirlpool Refrigerator WP2188656 2188656,39.89,50,0.0
7,WE03X23881 Dryer Lint Screen Filter Assembly for GE Dryer PS11763056 EAP11763056,9.99,50,0.0
8,DC47-00019A Dryer Heating Element with DC47-00018A DC96-00887A fit Samsung,14.99,50,0.0
9,ADQ56656401 Lint Filter Screen Compatible with LG Kenmore Sears Dryer AP4457244,9.95,50,0.0
10,Whirlpool W11603810 W11578565 Washer Control Board Genuine OEM Part,124.99,50,0.0
11,3387747 WP3387747 Dryer Heating Element 279816 279973 3392519 Thermostat Fuse,21.0,50,0.0
12,#131775600 Blower Wheel Housing Assembly For Frigidaire - Kenmore - Sears Dryer,23.9,50,0.0
13,W10247710 AP4411122 Suspension Rod Kit Set PS2355518 W10277357 W10237427 1549067,27.59,50,0.0
14,Thermador Range Knob Stem Replacement (Older Style 2013-2019) – Variety Pack,35.99,50,0.0
15,KitchenAid Washer Interface Control Board 8182150,59.95,50,0.0
16,LG Dryer Gas Valve 5221EL2002A 5221EL2002C CGV22CK WE01X10243,64.95,50,0.0
17,Gas Dryer Ignitor for LG 5318EL3001A AP4439620 PS3527801,21.11,50,0.0
18,W11307244/W10682535 AP6832601 NEW For Maytag Washer Lid Lock Switch Durable,15.99,50,0.0
19,Washer Door Boot Compatible with Samsung DC64-03788A WF45R6100A,34.5,50,0.0
20,W11239961 Refrigerator Door bin Fits whirlpool refrigerator door WRS321SDHZ08,23.49,50,0.0
21,DC97-16742A Lint Filter Assembly Compatible with Samsung Dryer,10.5,50,0.0
22,Maytag Washer Lid Glass W10843976 W11259006 W11082608,159.89,50,0.0
23,AGZ72909702 Washplate Compatible with LG Kenmore Washer Washplate AGZ72909711,50.13,50,0.0
24,Maytag Washer Lid Assembly P# W11259006 W10714900 W10843976 W11082608,120.0,50,0.0
25,Refrigerator Icemaker for Whirlpool W10882923 W10377151,67.0,50,0.0
26,DC90-10128N for Samsung Washer Temperature Thermistor AP4579189 PS4214274,8.22,50,0.0
27,Maytag Front load washer door with hinge PN# MHN30PRBWW0 FREE SHIPPING!,120.0,50,0.0
28,Frigidaire Washer Timer 131437300,59.0,50,0.0
29,LG Dryer Control Board EBR36858810 EBR36858902 - 60 Days Warranty,99.95,50,0.0
30,LG Washer Drive Shaft 3661EA1009D AEN73131403 AEN73131406,99.0,50,0.0
31,Upper Crisper Pan Compatible with Frigidaire Refrigerator 240351061,40.07,50,0.0
32,Whirlpool Amana Maytag W11578563 W11607637 Washer Control Board,124.99,50,0.0
33,GE Dryer Drum Drive Belt WE03X29897,19.99,50,0.0
34,Exact Replacement Dryer Thermostat 6931EL3001F for LG (AP5072172 PS3530482),10.57,50,0.0
35,IMV708 Fit For W10408179 Whirlpool Kitchenaid Kenmore Refrigerator Water Valve,17.9,50,0.0
36,137221600 137108100 134051200 Washer Drain Pump by AP5684706,25.76,50,0.0
37,OEM Frigidaire Washer Door Hinge 137107500 7137107500,299.0,50,0.0
38,Frigidaire Washer Spider 134321800 134360900 137105900 137045000 137045400,169.0,50,0.0
39,240323002 Door Bin Shelf Bucket Clear Compatible with Frigidaire Refrigerator,12.51,50,0.0
40,DC47-00019A Dryer Heater Heating Element replacement for Maytag Samsung 35001247,17.99,50,0.0
41,WPW10174745 *Original Connectors* Genuine Control W10174745 W10182366 W10200473,115.99,50,0.0
42,PREMIUM NACHI BEARING + SEAL KIT FOR SAMSUNG FRONT LOAD WASHER,79.95,50,0.0
43,WE12M29 for GE General Electric Dryer Belt for WE03X29897 134503900,6.99,50,0.0
44,240337103 for Electrolux Frigidaire Refrigerator Crisper Drawer Pan,32.95,50,0.0
45,131873304 Timer Knob Compatible with Frigidaire Dryer - 1318733 - 131167804,8.0,50,0.0
46,Whirlpool W11454372 Genuine OEM Washer Gear Case Transmission,142.99,50,0.0
47,Dryer Timer For Whirlpool WPW10185982 W10185982 AP6016541 PS11749831 24066166,17.2,50,0.0
48,For Samsung Dryer Repair Kit DC97-16782A Roller 6602-001655 Belt DC93-00634A,25.99,50,0.0
49,For Samsung Dryer Repair Kit DC97-16782A Roller 6602-001655 Belt DC93-00634A,21.99,50,0.0
50,SealPro Washer Door Gasket For LG MDS47123618 AP6236841 PS12081605 1 YR WARRANTY,79.95,50,0.0
51,BRAMA BR-15OUIM-SS Outdoor Undercounter Ice Maker /SS,241.18,50,0.0
52,Lower Clear Crisper Pan Compatible with Whirlpool Refrigerator WP2188664 2188664,41.04,50,0.0
53,Washer Door Bellow Compatible with LG Kenmore MDS47123608 - 1 YEAR WARRANTY,37.0,50,0.0
54,Replacement Water Inlet Valve For LG AJU72992601 AP4671476 PS3533117 By OEM MFR,39.95,50,0.0
55,Bens Appliance Bounce-B-Gone 50ml Washer Suspension Rod Grease & Foam BA-80048,14.99,50,0.0
56,30 inch Electric Cooktop 5 Burners Drop In Ceramic Glass Stove Top Touch Control,172.99,50,0.0
57,Frigidaire Washer Interface Control Board 137005000,79.0,50,0.0
58,Frigidaire Wall Oven Door Glass 5304513273 139039528,89.0,50,0.0
