1,Peach Perfect Inositol Multivitamin | Myo & D-Chiro 40:1 - Omega-3 - D3 - Magnesium,24.99,50,0.0
2,Grow Power - Support Healthy Bone Growth - Bone Strength & Immunity for Age 10+,38.79,50,0.0
3,Provitalize - Everyday Synbiotic Formula with Botanical Extracts - 60 Capsules,15.0,50,0.0
4,Life Extension Mix Tablets with Extra Niacin - 3X240 Tablets,134.95,50,0.0
5,Color Me Beautiful by Carole Jackson Paperback Beauty & Fashion Health & Fitness,7.24,50,0.0
6,Drowsy Beauty – Nighttime Skin Hydration & Wellness Supplement with Marine Colla,118.64,50,0.0
7,Ejayo.com - Short Premium Brandable .COM Domain Wellness Beauty Cosmetics Health,2295.0,50,0.0
8,Azayu.com - Short Premium Brandable .COM Domain Wellness Beauty Cosmetics Health,3095.0,50,0.0
9,Veaja.com - Short Premium Brandable .COM Domain Wellness Beauty Cosmetics Health,1995.0,50,0.0
10,David Wolfe Beauty Diet Hardcover 2018 Health & Fitness Beauty Nutrition,6.1,50,0.0
11,Premium Collagen Peptides Pills 2 PACK Anti-Aging Types I -II -III -V -X SEALED 240,20.94,50,0.0
12,Collagen & Biotin 60 Gummies - Nails & Hair -Support Your Health And Beauty,12.35,50,0.0
13,Liposomal Vitamin C - 120 Veg Capsules (0.5 g per Capsule),20.82,50,0.0
14,Life Extension Body Trim and Appetite Control Metabolaid 30 Caps NonGMO/Veget,24.0,50,0.0
15,Trans Resveratrol Elite 30 Caps Life Extension Japanese Knotweed/Glactomannans,14.94,50,0.0
16,Imani Organics Multivitamin Gummies – Beauty - Wellness - Nutrition – 60 Count,13.42,50,0.0
17,NOW Foods - Mood Support - 90 Veg Capsules,17.99,50,0.0
18,Spermidine - 10 mg - 120 Capsules,21.53,50,0.0
19,NOW FOODS Probiotic-10 50 Billion 50 Veg Capsules,10.0,50,0.0
20,FEM PLUS BOX W/30 SACHETS 6.9 OZ EA PEACH FLAVOR **FREE SHIPPING**,36.5,50,0.0
21,Magnesium Glycinate With BioPerine® - 180 Veg Capsules,20.82,50,0.0
22,Health & Beauty  -Health Care  - Vitamins - Minerals & Supplements  -Other...,14.99,50,0.0
23,Pure Methylated Multivitamin For Women - 240 Capsules,26.24,50,0.0
24,Beet root 2000mg Gummies–for Blood Flow & Heart 60 Gummies,13.99,50,0.0
25,Oceanic Silica From Red Algae - 100 Vegetable Capsules,16.44,50,0.0
26,Magnesium Glycinate - 180 Tablets (100 mg per Tablet),21.79,50,0.0
27,Vegan Ideal Bowel Support - 10 Billion CFU - 30 Veggie Capsules,24.08,50,0.0
28,L.Reuteri Complex - 60 DRcaps® Hypromellose Capsules,16.67,50,0.0
29,Beauty Society - Brilliant Memory and Focus - 60 Gummies free shipping,29.0,50,0.0
30,NuBest White - Skin Brightening - Anti-Aging - Natural Beautiful Skin & Detox,48.0,50,0.0
31,Garden of Life Grass Fed Collagen Beauty Strawberry Lemonade 20 Servings,23.99,50,0.0
32,Alpha Lipoic Acid With Biotin 60 Caps Life Extension Non GMO/Gluten Free,27.0,50,0.0
33,Health Logics Beauty Rest - Collagen Peptides Powder - Non-Habit Forming Sleep Aid,17.59,50,0.0
34,Collagen Peptides - Unflavored - 14.3 oz (405 g),27.5,50,0.0
35,Niacinamide 20 Serum - 1.35 fl oz (40 ml),17.97,50,0.0
36,Colon Clenz™ - 75 VegCaps,14.65,50,0.0
37,Zo Skin Health Daily Power Defense 50ml (1.7 Fl Oz) Anti-Aging Exp. 12/2027,39.99,50,0.0
38,QUALIA Senolytic - Optimized Aging * 12 Capsules,27.99,50,0.0
39,QUALIA Senolytic Optimized Aging 12 Caps Ex. 07/27 NEW!,28.0,50,0.0
40,"Jarrow Formulas Vegan MagMind - ""Stress Resistance"" 60 CAPS - exp 08/2026",28.99,50,0.0
41,Saccharomyces Boulardii - 5 Billion CFU - 120 Veg Capsules,25.71,50,0.0
42,fem omnilife vitaminas para Mujer sistema Hormonal origina oml Fem antioxdante,45.0,50,0.0
43,Collagen Boosting Superfoods - Tropical Fruit - 60 Soft Chews,18.49,50,0.0
44,Gentle Iron® - 25 mg - 180 Vegetable Capsules,20.39,50,0.0
45,Doctors Best Ubiquinol - Reduced-Form Coenzyme Q1 - 200 mg - Non-GMO - Free S/H,20.99,50,0.0
46,Wholesome Health Collagen Beauty Strawberry Gummies 60 Ct Hair Skin Nails 2027,19.99,50,0.0
47,Men's Fermented Multivitamin - 120 Vegetable Capsules,36.74,50,0.0
48,IOSAT (14 Tablets) Potassium Iodide Pills KI Radiation Protection,16.95,50,0.0
49,Hair - Skin & Nails® - 135 Tablets,18.34,50,0.0
50,Airborne Immune Support Supplement Citrus - 192 Chewable Tablets 🎈06/2027🎈,26.95,50,0.0
51,"Yu Beauty ""BALANCE "" Urinary Tract Health Supp Cranberry 30 servings new/sealed",40.0,50,0.0
52,2x Wholesome Health Glowing Beauty Hair Skin & Nails 60 Strawberry Gummies 2027,37.95,50,0.0
53,Now Foods Zinc Glycinate 120 Softgels GMP Quality Assured,14.99,50,0.0
54,NOW MK-7 Vitamin K-2 Extra Strength 120 Veg Caps - Clearance for Best By 04/2026,9.49,50,0.0
55,Benfotiamine - 240 Softgels (200 mg per Softgel),31.49,50,0.0
56,Garden of Life Dr Formulated Multi+ Fermented Beauty Complex 30 Count Lot of 2,28.99,50,0.0
57,VitaRenew Gummies -Powerful Hydrating Formula Vita Renew Skin Care Gummy 60ct,19.95,50,0.0
