1,BOOK OF SHADOWS MAGIC SPELL BOOK 1:12 Scale Miniature Readable Illustrated Book,7.27,50,0.0
2,Shallow box Noam The First Easter Bunny Signed Edition,2500.0,50,0.0
3,Where the Crawdads Sing - Hardcover By Owens - Delia - GOOD,3.59,50,0.0
4,Cormac McCarthy 3 Books Collection - Young Adult - Paperback Fiction Set,26.09,50,0.0
5,Lot of 20 - Board Books for Children's/ Kids/ Toddler Babies/Preschool/Daycare,21.55,50,0.0
6,The Old Man and The Sea - Paperback By Hemingway - Ernest - GOOD,4.08,50,0.0
7,The Seven Principles for Making Marriage Work: A Practical Guide from the - GOOD,4.39,50,0.0
8,If We Were Villains: A Novel - Paperback By Rio - M. L. - GOOD,4.39,50,0.0
9,The Total Money Makeover: Classic Edition: A Proven Plan for Finan - VERY GOOD,3.88,50,0.0
10,Sapiens: A Brief History of Humankind by Yuval Noah Harari: Used,6.55,50,0.0
11,Kitchen Confidential Updated Edition: Adventures in the Culinary Underbel - GOOD,4.39,50,0.0
12,Twenty Years Later: A Riveting New Thriller - Paperback - GOOD,4.39,50,0.0
13,The Sacred Message Of The Glorious Quran,5.0,50,0.0
14,FRESH FIELDS The Writings of John Burroughs 1895,19.95,50,0.0
15,The Conquest of Epidemic Disease - Charles A. Winslow FIRST EDITION,39.0,50,0.0
16,Powers Volume 3: Little Deaths (Powers (Hardcover) New/Sealed,35.0,50,0.0
17,Falling Up - Hardcover By Silverstein - Shel - VERY GOOD,4.39,50,0.0
18,To Be Where You Are (A Mitford Novel) - Hardcover By Karon - Jan - GOOD,4.08,50,0.0
19,Breaking Dawn (The Twilight Saga - Book 4) - Hardcover By Meyer - Stephenie - GOOD,3.59,50,0.0
20,Magic Eye: A New Way of Looking at the World - Hardcover - GOOD,4.08,50,0.0
21,Little Book of Big Penis by Dian Hanson (2012 - Trade Paperback),19.99,50,0.0
22,The Pillars of the Earth (Deluxe Edition) (Oprah's Book Club) - VERY GOOD,4.08,50,0.0
23,KJV Bible Giant Comfort Print Red Letter Edition Brown Leathersoft BRAND NEW!,16.19,50,0.0
24,I Hate You--Don't Leave Me: Understanding the Borderline Personality - GOOD,4.39,50,0.0
25,NEW Applewood Books The Palmer Method of Business Writing - 9781429096751 Trade,9.72,50,0.0
26,Unfu*k Yourself: Get Out of Your Head and Into Your Life - Hardcover - VERY GOOD,4.39,50,0.0
27,The Austere Academy (A Series of Unfortunate Events - Book 5) - Hardcover - GOOD,3.59,50,0.0
28,The Witness - Hardcover By Roberts - Nora - GOOD,3.59,50,0.0
29,OUT OF ONE EYE THE ART OF KIT WILLIAMS First Am. Edition HCDJ - ART,24.0,50,0.0
30,THE ILLUSTRATED BOOK OF HERBS 1:12 Scale Miniature Readable Illustrate Botanical,7.57,50,0.0
31,Subtle Card Creations Vol. 5 by Nick Trost - Book,60.0,50,0.0
32,CHARMED BOOK OF SHADOWS 1:12 Scale Miniature Illustrated Magic Spell Book,9.26,50,0.0
33,When We Were Orphans: A Novel - Paperback By Ishiguro - Kazuo - GOOD,3.59,50,0.0
34,Horse: A Novel - Hardcover By Brooks - Geraldine - GOOD,4.39,50,0.0
35,New Nicholas Sparks 2018 Novel - Hardcover By Sparks - Nicholas - GOOD,3.59,50,0.0
36,Oh - The Places You'll Go! - Hardcover By Seuss - Dr. - GOOD,4.08,50,0.0
37,The Demigod Files (A Percy Jackson and the Olympians Guide) - Hardcover - GOOD,3.59,50,0.0
38,Benjamin Franklin: An American Life - Paperback By Isaacson - Walter - VERY GOOD,3.88,50,0.0
39,Stanyon's Magic by L & L Publishing - Book,114.9,50,0.0
40,EGYPTIAN BOOK OF THE DEAD 1:12 Scale Miniature Readable Illustrated Book Mummy,7.57,50,0.0
41,The Lies I Tell: A Novel - Hardcover By Clark - Julie - NEW,3.95,50,0.0
42,Helter Skelter: The True Story of the Manson Murders - Paperback - GOOD,4.48,50,0.0
43,The Family Upstairs: A Novel - Paperback By Jewell - Lisa - GOOD,4.39,50,0.0
44,The Heart's Invisible Furies: A Novel - Paperback By Boyne - John - GOOD,4.39,50,0.0
45,The Disappearing Spoon: And Other True Tales of Madness - Love - and the Hi - GOOD,4.39,50,0.0
46,The Splendid and the Vile: A Saga of Churchill - Family - and Defiance - VERY GOOD,3.59,50,0.0
47,Level 1 - Performance Book: Piano Adventures - Paperback By Faber - Nancy - GOOD,4.08,50,0.0
48,Fox in Socks (Beginner Books) - Hardcover By Dr. Seuss - VERY GOOD,4.08,50,0.0
49,The Block Party: A Novel - Hardcover By Day - Jamie - GOOD,3.95,50,0.0
50,Not a Happy Family: A Novel - Hardcover By Lapena - Shari - GOOD,4.39,50,0.0
51,It Starts with Us: A Novel - Paperback By Hoover - Colleen - VERY GOOD,4.08,50,0.0
52,I Will Teach You to Be Rich - Second Edition: No Guilt. No Excuses. No B.S - GOOD,5.75,50,0.0
53,Where the Library Hides: A Novel (Secrets of the Nile - 2) - Hardcover - GOOD,5.47,50,0.0
54,Middlesex: A Novel (Oprah's Book Club) - Paperback By Jeffrey Eugenides - GOOD,3.59,50,0.0
55,The West: An Illustrated History - Hardcover By Geoffrey C. Ward - GOOD,4.08,50,0.0
56,What Have You Done: A Novel - Hardcover By Lapena - Shari - GOOD,5.98,50,0.0
57,The Constitution of the United States with the Declaration of Indepe - VERY GOOD,4.08,50,0.0
58,Inferno - Hardcover By Brown - Dan - GOOD,3.59,50,0.0
59,Rare Batman v Superman: Dawn of Justice batmobil,2000.0,50,0.0
60,1:6 Scale EGYPTIAN BOOK Of The DEAD in Playscale Illustrated Miniature Book,10.2,50,0.0
