1,clothes for men,32.0,50,0.0
2,Adidas Originals Sweatshirt Men's Light Purple - ED6126 New Size,200.0,50,0.0
3,Sexy Lingerie Fishnet Body stockings Dress Underwear Babydoll Sleepwear Bodysuit,7.88,50,0.0
4,30 Pack Clear Garment Bags for Clothes - 35.4inch Clothes Covers Plastic Garme...,9.78,50,0.0
5,Freedom 250th Anniversary Shirt - USA 250 Years Independence Apparel,6.99,50,0.0
6,Clothing Moth Traps - 8 Pack - Non Toxic Moth Traps for Clothes with Pheromone A,11.99,50,0.0
7,9Pcs Waterproof Clothes Storage Bags Packing Cube Travel Luggage Organizer Pouch,5.99,50,0.0
8,Under Armour T-Shirt Men's Short SleeveTech 2.0 PLUS Size XL to 5XL Tee 1326413,19.99,50,0.0
9,I Love BBC Only Lingerie Set Queen of Spades Panties QOS Shirt Hotwife Clothing,27.24,50,0.0
10,Lilly Pulitzer Womens Green & Pink Tie Sleeveless Circle Pattern Dress Size 6,7.99,50,0.0
11,Older Girls Party Clothes My Michelle Girls Only GUESS Christie Brooks,8.0,50,0.0
12,Button Helper Puller Aid for Arthritis Joint Pain - Clothes Button Hook Tool,10.27,50,0.0
13,"12-Packs Medline FitRight Personal Cleansing Cloths 8"" x 10"" Aloe Scented",37.95,50,0.0
14,10 x Jumbo Vacuum Storage Bags Travel Space Saver Garment Seal Clothes Hand Pump,15.99,50,0.0
15,1 Pack Silicone Waterproof Spray Fabric Water Guard Protection Clothes Shoe Tent,10.99,50,0.0
16,Iran Out Of Alcohol And The Struggle Israel Tee (BACKPRINT) T Shirt Te,24.99,50,0.0
17,Rolling Christian T-Shirt - Stones Easter Clothing - Jesus Christ Shirt,6.99,50,0.0
18,70 Yards 1/4 White Elastic Band for Sewing Braided Cord Roll Waistband Clothes,7.99,50,0.0
19,CUTS Clothing Split-Hem Crewneck T-Shirt Mens Large Black NWOT,16.99,50,0.0
20,Scrub Daddy - Microfiber Cloths - Set Of Three,11.25,50,0.0
21,Chiffon Shawls Scarves Wraps for Bridal Wedding Party Evening Dress,11.99,50,0.0
22,Pack 12 Prep-Wipes Blue Tack Cloths – Professional Woodworking and Painting,15.48,50,0.0
23,Tangled Rapunzel Princess Costume Fancy Dress Up For Halloween Fairytale Cosplay,33.99,50,0.0
24,12 Permanent Fabric Markers - Vibrant Colors for Clothes - Shoes - T-Shirts - Crafts,8.99,50,0.0
25,Clothing Moth Traps - 8 Pack - Non Toxic Moth Traps for Clothes with Pheromone A,12.99,50,0.0
26,adidas women Designed for Training Tee,13.0,50,0.0
27,XS-XXXL Clothes Closet Hanger Rack Size Dividers Round,11.95,50,0.0
28,100Pcs Wood Clothespins Wooden Laundry Clothes Pins With Spring Standard 3” Size,10.19,50,0.0
29,2 Pack Silicone Waterproof Spray Fabric Water Guard Protection Clothes Shoe Tent,20.99,50,0.0
30,Under Armour 1326413 Mens Athletic Training UA Tech 2.0 T-Shirt Short Sleeve Tee,21.99,50,0.0
31,Christian Shirt for Women Christian Graphic Tee Jesus Apparel Faith Tshirt Bible,6.99,50,0.0
32,DALLAS COWBOYS AUTHENTIC APPAREL 100% COTTON S/S T SHIRT BLUE MENS M L XL 2X NWT,19.99,50,0.0
33,Space-Saving Collapsible Bamboo Laundry Clothes Drying Rack,20.89,50,0.0
34,LIBERTYZENO Mens Textile $ Suede Print Lace up Designer Formal Casual Shoes,19.99,50,0.0
35,Vintage busch tee,21.0,50,0.0
