1,Dell Precision 15.6” Light Gaming Laptop Intel i7 32GB RAM 1TB SSD Win 11 Pro,599.99,50,0.0
2,"Dell Chromebook 3100 (11.6"" - Intel Celeron - 4GB RAM - 16GB - ChromeOS) NO Charger",25.99,50,0.0
3,"HP X360 11 G5 Touchscreen 2-in-1 Laptop 11.6"" Intel 8GB RAM 128GB SSD Windows 11",127.31,50,0.0
4,"Dell Latitude 5320 13.3"" Laptop i5 11th Gen 256GB SSD 16GB RAM Win 11 (CX) C",139.95,50,0.0
5,"Dell Chromebook 3100 2-in-1 11.6"" Touchscreen Laptop 4GB RAM 32GB SSD WiFi Webca",44.9,50,0.0
6,Dell Chromebook 3100 (16GB eMMC - Celeron - 1.60 GHz -4GB) -WEBCAM NO CHARGER S28,25.99,50,0.0
7,Dell 5300 2-in-1 TOUCHSCREEN Intel Core i7-8665U 16GB RAM - BT - 128/256/512GB SSD,180.0,50,0.0
8,"HP Chromebook 11 G7 11.6"" Intel 2.60 GHz 4 GB RAM 32 GB eMMC Bluetooth Webcam SD",75.99,50,0.0
9,Samsung Chromebook 4 (16GB eMMC - Intel Celeron - 1.10 GHz - 16GB) Laptop - Gray,49.95,50,0.0
10,"HP 15.6"" Laptop 2023 Intel i3-N305 8GB RAM 128GB UFS Natural Silver USB Type-C",229.0,50,0.0
11,HP EliteBook 840 G8 14” Full HD Laptop Core i7 16GB RAM 512GB SSD Windows 11 Pro,394.79,50,0.0
12,Dell Latitude 3190 Laptop 11.6” Touchscreen Pentium 8GB RAM 128GB SSD Win 11 Pro,179.99,50,0.0
13,"HP EliteBook 840 G7 14"" Full HD Laptop Intel Core i7 16GB RAM 256GB SSD Win 11",335.57,50,0.0
14,HP EliteBook 840 G6 14” HD Laptop Computer Core i5 16GB RAM 256GB SSD Windows 11,222.89,50,0.0
15,HP X360 11 G6 Touchscreen 2-in-1 Laptop 11” Core i3 8GB RAM 128GB SSD Win 11 Pro,177.65,50,0.0
16,"HP ProBook X360 11 G5 11.6"" Touchscreen Laptop Pentium 8GB RAM 128GB SSD Win 11",177.44,50,0.0
17,"Lot of 78 Dell Latitude 7410 14"" Laptops w/ i7-10th Gen - 16GB RAM & No Storage",10999.99,50,0.0
18,"HP EliteBook x360 1040 G8 14"" | i7-1185G7 - 32GB RAM - 512GB SSD - Touch - Win11 Pro",399.99,50,0.0
19,"Dell Latitude 3189 11.6"" 2-in-1 Touch Laptop Celeron 4GB 64GB SSD Windows 11 !!",85.0,50,0.0
20,"Lenovo IdeaPad Slim 3x 15.3"" Touch Snapdragon X 16GB 1TB SSD GRAY 83N30010US",359.0,50,0.0
21,"HP ProBook X360 11 G6 11.6"" Touchscreen Laptop Core i3 8GB RAM 128GB SSD Win 11",165.19,50,0.0
22,"HP ProBook 455 15.6"" G9 - AMD RYZEN 5 - 16GB - 256GB - Windows 11 Pro",149.99,50,0.0
23,"HP Chromebook 14 G5 14"" Celeron N3350 1.10 GHz 4 GB RAM 16 GB Storage",29.99,50,0.0
24,"Dell Latitude 7390 14"" HD Quad-Core i5 Laptop Windows 11 16GB RAM 256GB SSD WiFi",226.93,50,0.0
25,"HP ProBook Touchscreen Laptop 11.6"" Pentium 8GB RAM 128GB SSD Win 11 Pro HDMI",146.11,50,0.0
26,"Dell Precision 5540 Laptop 15.6"" FHD Core i5 16GB RAM 1TB SSD Windows 11 Pro",483.54,50,0.0
27,Dell Latitude 7390 Laptop 13.3” Intel Core i5 16GB RAM 512GB SSD Windows 11 Pro,233.79,50,0.0
28,CLEARANCE~ 11.6 HP Pro Fortis G9 Laptop PC: TouchScreen! Webcam! Windows 11 Pro!,131.95,50,0.0
29,"14"" Lenovo ThinkPad Laptop: Intel i5! 16GB RAM! 256GB SSD! Zorin Core Edition!",160.0,50,0.0
30,HP ProBook 430 G7 13” Laptop FHD Intel Core i5 16GB RAM 256GB SSD Windows 11 Pro,263.01,50,0.0
31,~CLEARANCE~ HP EliteBook Laptop: Intel i5! 16GB RAM~1 TB Storage! Windows 10!,197.81,50,0.0
32,HP ProBook x360 11 G1 Intel Pentium N4200 4GB RAM 128GB SSD **SEE PHOTOS**,46.0,50,0.0
33,Lenovo TP X1 Carbon G9 14-Inch WUXGA Touch Intel i7-1185G7 16GB - 256GB SSD W11P,416.99,50,0.0
34,Lenovo Yoga 11e Gen 6 11.6” Touch Laptop Intel i5 8GB RAM 256GB SSD Win 11 Pro,172.72,50,0.0
35,"Dell Latitude 7300 13.3"" Business Laptop Core i5 8GB RAM 256GB SSD Windows 11",193.41,50,0.0
36,"Auusda 14"" Laptop - Intel J4125 - 8GB RAM - 512GB SSD - W11 Pro for Student & Office",224.99,50,0.0
37,"Samsung XE303C1 Chromebook 11.6"" 16GB SSD Exynos 5 1.7GHz 2GB RAM NO CHARGER",24.99,50,0.0
38,"Dell Chromebook 3100 2 IN 1 11.6"" - Intel Celeron -4GB -16GB - ChromeOS TOUCH SCREEN",35.99,50,0.0
39,"HP ProBook x360 11 G1 11.6"" TouchScreen Notebook PC 4GB 128GB SSD Windows 10 Pro",78.0,50,0.0
40,"Lenovo ThinkPad T14 Gen 2 14"" Touch i5-1145G7 16GB RAM 512GB SSD Win11 Pro",318.0,50,0.0
41,2026 HP Laptop Computer 14 Office 2024 Intel CPU 8GB RAM & 628GB Storage Win Pro,289.0,50,0.0
42,"Dell Latitude 7420 Laptop 14"" Full HD Core i5 16GB RAM 256GB SSD Windows 11 Pro",297.9,50,0.0
43,Lenovo ThinkPad T480s 14” Business Laptop Core i5 16GB RAM 512GB SSD Win 11 WiFi,254.7,50,0.0
44,"Microsoft Surface Laptop 3 15"" i7-1065G7 16GB 256GB SSD W11 1872 | EXCELLENT",239.99,50,0.0
45,Lenovo ThinkPad L13 Yoga Gen 3 Laptop i5-1245U 1.6GHz 512GB SSD 16GB RAM-WIN 11,229.98,50,0.0
46,"HP EliteBook 840 G8 14"" Touch Laptop Intel Core i7-1165G7 16GB RAM 512GB SSD",254.0,50,0.0
47,"Panasonic Toughbook CF-33 12"" Touch i7-7600U 2.80GHZ 16GB RAM 512GB SSD 4G LTE",299.0,50,0.0
48,"DELL Latitude 5320 Laptop Intel Core i5-1135G7 16GB Memory 256GB SSD 13.3"" W11P",234.99,50,0.0
49,Dell Latitude Business Laptop PC 13.3” FHD Core i7 16GB RAM 512GB SSD Windows 11,302.04,50,0.0
50,"HP ZBook 14U G5 Laptop 14"" FHD Core i5 16GB RAM 256GB SSD Windows 11 Pro WiFi",241.77,50,0.0
51,"Dell - 15.6"" 2K Touchscreen Laptop - Intel Core i7 1355U 2023 - 16GB Memory -...",999.99,50,0.0
52,Lenovo ThinkPad T14 Laptop 14” Intel i7 16GB RAM 512GB SSD Windows 11 Bluetooth,372.32,50,0.0
53,HP EliteBook 840 G7 14in i5‑10310U 512GB SSD Windows 11 Pro Silver,230.0,50,0.0
54,"Samsung Galaxy Book 4 Intel Core 7 15.6"" NP754XGK-LS1US 512GB 16GB RAM Silver",553.99,50,0.0
55,"Dell Latitude 14"" Laptop PC Intel i5 Quad-Core 16GB RAM 256GB SSD Windows 11",212.75,50,0.0
56,Dell Latitude 7420 Laptop 14” FHD Intel Core i5 16GB RAM 512GB SSD Windows 11,338.47,50,0.0
