1,Sony PSP 3000 console - Piano Black 32GB Good Condition Free shipping,142.0,50,0.0
2,Sony PSP GO PlayStation PortableGo Piano Black or Pearl White Console 85-90% New,182.0,50,0.0
3,Sony PlayStation 1 PS1 Console in BOX 2 contorollers & 3 Games SCPH-3000 Japan,189.99,50,0.0
4,Sony Playstation PS Vita PCH-1100&1000 Black Select 3Rank【1Day Shipping】,142.7,50,0.0
5,PS one Console System SCPH-100 Sony PlayStation PS1 PsOne Japan,84.52,50,0.0
6,Official Sony PlayStation 1 PS1 Console Complete set w/controller adapter,52.92,50,0.0
7,SONY PlayStaton1 PS1 Console (NTSC-J) SCPH-7000 Tested JAPAN,119.0,50,0.0
8,PlayStation 2 Console Sakura Pink SCPH-50000,209.0,50,0.0
9,Sony PlayStation 2 SCPH-37000 Console | Japanese Model | Tested Working JAPAN,209.0,50,0.0
10,Mint Condition Sony PlayStation PSP 3000 with New Battery All Colors Gift,161.99,50,0.0
11,O/B PlayStation Classic SCPH-1000R Console with Box and Manual - Sony,125.77,50,0.0
12,SONY PlayStation 3 250GB FINAL FANTASY XIII LIGHTNING EDITION CEJH-10008 PS3,229.0,50,0.0
13,PlayStation 5 Pro 30th Anniversary Limited Edition Bundle 12 -300 ONLY Sealed,999.99,50,0.0
14,Sony PlayStation2 PS2 black SCPH-30000 Console controller Cable Working NTSC-J,80.74,50,0.0
15,Sony Playstation PS Vita Aqua Blue PCH-2000 ZA23 Console Only PSV Slim Used,139.92,50,0.0
16,Sony PlayStation 2 PS2 SCPH-39000 Satin Silver Console NTSC-J Japan Tested,198.0,50,0.0
17,Sony PlayStation2 PS2 black SCPH-30000 Console controller Cable Working NTSC-J,80.74,50,0.0
18,Sony PlayStation 1 Bundle with 1 controler and 5 games - syphon filter 1 - 2 and 3,125.0,50,0.0
19,SONY PS1 console in box with 2 controllers & 6 Games & HORI Fighting Stick Japan,149.99,50,0.0
20,SONY PlayStaton1 PS1 One Console (NTSC-J) Model SCPH-5500 Tested Used,41.79,50,0.0
21,Sony PS2 SCPH-37000 PlayStation 2 Ocean Blue Body Confirmed Operation Excellent,136.77,50,0.0
22,Sony Playstation PS Vita Glacier White PCH-2000 ZA22 Console only PSV Slim Used,139.96,50,0.0
23,Sony PlayStation 1 PS1 SCPH-9000 Console Controller Set Gray Game JAPAN w/ Bonus,71.99,50,0.0
24,PS2 SCPH-37000 SONY PlayStation2 Ocean Blue Body Console w/ Controller,146.61,50,0.0
25,SONY PSP 2000 Crisis Core Final Fantasy FF7 Special Playstation Portable [68347],267.4,50,0.0
26,Playstation PS Vita PCH-1000 Select Color & 3Rank【1Day Shipping】,135.04,50,0.0
27,PS1 Console SCPH-7000 Only for NTSC-J Boxed Tested System Playstation SONY 68279,90.0,50,0.0
28,SONY PlayStation Vita Wi-Fi Model Black PCH-2000 ZA11 Vita Cosole Japan NEW,296.99,50,0.0
29,Sony PlayStation 1 PS1 SCPH-7000 Dual Shock Game Console Gray Japan Working,124.8,50,0.0
30,Sony PS Vita PlayStation Vita 1100 Console Black From Japan 25705,107.0,50,0.0
31,SONY ps2 PlayStation2 White SCPH-50000 Used Good JP W/ Game Console controller,104.3,50,0.0
32,SONY PS2 PlayStation 2 SCPH-55000 GT White Console NTSC-J Japan W/ Memory Card,127.77,50,0.0
33,PS Console SCPH-7500 SONY Playstation Tested System JAPAN -NTSC-J- A1353373,30.0,50,0.0
34,Sony PS2 SCPH70000 CB Black Console Tested Working PlayStation 2 Japan,140.48,50,0.0
35,PlayStation 1 PS1 Console w/ Silent Hill Parasite Eve 1 & 2 Galerians Countdown,246.0,50,0.0
