1,German Creatine Monohydrate Powder | 1.1 lb | Creapure Fitness | by Fitness Labs,37.99,50,0.0
2,Nestle Impact Peptide 1.5 Tube Feeding Formula Unflavored 250 mL Carton 24 Ct,49.0,50,0.0
3,COMBO Pack UNICITY BALANCE 60ct + UNIMATE Lemon 30ct FREE SHIPPING,119.0,50,0.0
4,PERFORMIX 511483 Sports and Fitness Performance - 60 Capsules,29.99,50,0.0
5,Gym Stringer - Men's Tank Top for Bodybuilding and Fitness - Stringer Sports,9.95,50,0.0
6,Gym Stringer - Men's Tank Top for Bodybuilding and Fitness - Stringer Sports,9.95,50,0.0
7,Gym Stringer - Men's Bodybuilding and Fitness Tank Top - Stringer Sports,10.99,50,0.0
8,Gym Stringer - Men's Tank Top for Bodybuilding and Fitness - Stringer Sports,11.29,50,0.0
9,Bowling (Sports and Fitness) by,12.49,50,0.0
10,Youngevity Rebound FX / Sports Energy Mix - 360g Canister,41.95,50,0.0
11,(6 Pack) Slimpic Advanced Energy & Fitness Formula VItamin Slim Pic Capsules,73.0,50,0.0
12,2 Cellucor BCAA Sport All Day Hydration Cherry Limeade 30 Servings Best By 2/26,29.95,50,0.0
13,A Smart Girl's Guide: Sports & Fitness: How to Use Your Body and Min - VERY GOOD,4.16,50,0.0
14,Sports Illustrated Dec 2 - 1957 Russia and Physical Fitness Vol 7 No 23 12/2/1957,24.99,50,0.0
15,Gym Singlets - Men's Tank Top for Bodybuilding and Fitness - Stringer Sports,11.19,50,0.0
16,Sports and Fitness Nutrition (with InfoTrac),7.68,50,0.0
17,Shredded: A Sports and Fitness Body Horror Anthology: A Sports and Fitness Body,8.79,50,0.0
18,Sports Compression Shirt Men's T-shirt Short Sleeve Quick Dry Summer Fitness Top,16.12,50,0.0
19,Hustle Drops -Natural Respiratory Support for Sports and Fitness -ENERGY(2-pack),49.99,50,0.0
20,Dumbbell Training for Strength And Fitness - Paperback By Brzycki - Matt - GOOD,4.45,50,0.0
21,Men's Gym Tank Top Muscle Shirt Sleeveless T Shirt Workout Fitness Training Tee,13.99,50,0.0
22,(2 Pack) Dyno My-Grow Muscle Support Dyno My-Grow Supplement (120 Capsules),29.95,50,0.0
23,Glyco Harmony Drops - GlycoHarmony Advanced Formula Supplement (3 Pack 90 SERV.),37.77,50,0.0
24,(3 Pack) Slimpic Advanced Energy & Fitness Formula VItamin Slim Pic Capsules,38.95,50,0.0
25,Novex Biotech GF-9 84 Capsules 2 Pack Exp 08/2026,46.0,50,0.0
26,Deadstock Vintage 80s Single Stitch Classic Retro Ringer T-Shirt Adult Large USA,20.0,50,0.0
27,Encyclopedia of Sports and Fitness Nutrition by Liz Applegate Ph.D.,5.16,50,0.0
28,Men's NWOT Fanatics Blank Red/Black Basketball Jersey Size Large,12.35,50,0.0
29,Encyclopedia of Sports and Fitness Nutrition by Liz Applegate Ph.D.,5.52,50,0.0
30,Shredded: A Sports and Fitness Body Horror Anthology: A Sports and Fitness Bo...,14.9,50,0.0
31,Weider Prime Testosteron Support - 120 Capsules EXP 09/2028,34.95,50,0.0
32,BodyHealth Perfect Amino (Coated) - 600 Tablets - NEW - Free Shipping,145.0,50,0.0
33,Body Sport Digital Timer – Sports Stopwatch and Countdown Timer for Fitness,17.99,50,0.0
34,Shredded: A Sports and Fitness Body Horror Anthology by Eric Raglin (2022),5.25,50,0.0
35,Nike Dri-FIT bundle: 1 men’s large white and 1 men’s large Gray t-shirt,24.0,50,0.0
36,Men T-shirts Fitness Bodybuilding Cotton Shirt Oversized Rag Gym Sport Muscle.,19.97,50,0.0
37,AND 1 Basketball T-Shirt Size XL Not Produced Anymore!,15.0,50,0.0
38,Agmatine Sulfate Powder 100 Grams - 100% Pure US Lab Tested: with Dosage Scoop,10.95,50,0.0
39,NIKE MEN'S T PINWHEEL SPORTSWEAR STANDARD FIT BLACK XL 394640-010 NIP NWT,7.0,50,0.0
40,The North Face Men's T-Shirt Short Sleeve Half Dome Small Logo Regular Fit Tee,24.34,50,0.0
41,Nike NBA Authentics Dri-Fit Short Sleeve Shirt Men's Black Used 2XLT,22.13,50,0.0
42,COOFANDY Mens Gym Workout Tank Tops Cut Off Muscle T Fitness Sleeveless Shirt,13.84,50,0.0
43,(6 Pack) Jelly Lean Keto ACV Gummys 1000MG Vitamin Formula JellyLean Gummies,73.0,50,0.0
44,Dentanol - Dent anol Oral Hygiene Capsules for Gum & Breathe 1 Bottle 60 Capsules,18.88,50,0.0
