1,Glowing Worm Unpacking Morphing 2024 Worm Big Fidget Decompression Deformation,8.5,50,0.0
2,DIY Mini Fun Desktop Soccer Game for Kids Build‑and‑Play Educational Activity,19.99,50,0.0
3,Real Wood Games Labyrinth Wooden Game Includes Metal Ball No Box,15.99,50,0.0
4,Youtooz: Technoblade 12 Inch [1 ft.] Pillow Plush from Technoblade Collection,49.97,50,0.0
5,Toys and Games Mystery FUN Box MIXED High Quality Items NEW Free Shipping!,49.99,50,0.0
6,Pop Push Fidget Toy Bubble Sensory Stress Relief Kids Family Games Square Game,2.99,50,0.0
7,Toy Battle,31.49,50,0.0
8,Five Below Mystery Squishy Bun Dumpling RARE GLITTER Limited Edition,9.99,50,0.0
9,Stimara Stimagz Series II Classic magnetic fidget toy - 12 pieces Terracotta,25.49,50,0.0
10,Youtooz: Technoblade 12 Inch [1 ft.] Sit Collectible Plush Stuffed Animal,69.97,50,0.0
11,3 Pack Magnetic Slider Fidget Toy Stress Relief Sensory Toy for Kids Adult,11.85,50,0.0
12,Youtooz: Technoblade 12 Inch Flop! Collectible Limited Exclusive Plush [1 ft],79.97,50,0.0
13,World's Smallest GUESS WHO? Classic Board Game Toy,12.95,50,0.0
14,Scrambled Dice Word Game - Creativity Family Games Toys for Children AE,11.5,50,0.0
15,Schylling Nice Cube Nee Doh Stress Ball - Sensory Toys - Needoh Fidget Toys - AnAN,10.99,50,0.0
16,"Schylling Panic Pete 5"" Squeeze Toy - New",9.8,50,0.0
17,Glowing Keyboard Fidget Toy -4-In-1 Decompression Button Keychain -Finger Clicker,8.99,50,0.0
18,Spy Ninjas Transforming Stealth Stick - BRAND NEW,17.59,50,0.0
19,ULTRA RARE NEEDOH Peace O’ Cake Limited Edition Sensory Squeeze Toy,19.99,50,0.0
20,(6 Pack) LED Light Up Glow in the Dark Fidget Spinner Toy Rainbow Finger Toy,9.95,50,0.0
21,Gifts for Mom - Mothers Day from Husband Daughter Son - Birthday Women Wife Gifts.,27.99,50,0.0
22,Ultimate Treehouse Board Game Fat Brain Toys Deluxe Family Strategy Game New,24.89,50,0.0
23,2025 Galaxy Ball Flying Orb Ball Toys LED Light Spinner Cosmic Ball,8.99,50,0.0
24,Fidget Toys Sensory Stone for Kids:12 Pack Textured Soft Worry Stone for Autism,10.95,50,0.0
25,3 Pack Colorful Squishy Gel Fidget Cubes | Anxiety Relief Toys for Kids & Adults,11.99,50,0.0
26,4-In-1 Keyboard Fidget Toy Keychain Stress Relief Decompression VioraWhite New,4.99,50,0.0
27,Metal Finger Spinner Sky Dragon Design Durable Adult Fidget Toy Long Spin Time,4.13,50,0.0
28,Wonder Forge Disney Toy Story 4 Matching Game for Kids 3+ | One or more players,13.99,50,0.0
29,1pc Electric Touch Maze Game – Kids Puzzle Interactive Focus Training Toy - NEW,11.98,50,0.0
30,2025 Galaxy Ball Flying Orb Ball Toys LED Light Spinner Cosmic Ball,14.95,50,0.0
31,4-In-1 Rechargeable Hover Soccer Ball & Hockey Ball with LED Sport Toys for Kids,26.9,50,0.0
32,Nee Doh Groovy Jewel – Glitter Stress Fidget Toy | Super Sparkly Squish Purple,29.99,50,0.0
33,Frog Bounce Catch Game for Kids - Popping Toy for Ages 4-8 - Fun Family Gift,11.99,50,0.0
34,Pop It Fidget Toys Silicone Push Bubble Sensory Stress Relief Game Gift for Kids,6.99,50,0.0
35,Flying Fidget Spinner Drone Ball UFO Stress Focus Hand Fun Toy LED Kids & Adults,7.99,50,0.0
36,24pcs Game Roblox Figurines Cartoon Peripheral Doll Children Toys Collection,27.99,50,0.0
37,Pop It Fidget Toys Silicone Push Bubble Sensory Stress Relief Game Gift for Kids,6.99,50,0.0
38,Schylling Nice Cube Nee Doh Stress Ball - Sensory Toys Needoh Fidget Toys Blue,14.96,50,0.0
39,Keyboard Fidget Toys for Adults Keyboard Clicker with LED Light Keychain Fidget,7.99,50,0.0
40,Educational Toys Learning Games for Kids 3-8 - Matching Letter Spelling Early,18.3,50,0.0
41,World's Smallest MONOPOLY Board Game Toy Doll House Miniature,11.95,50,0.0
42,Flying Orb Ball Boomerang Fly Nebula Spinner Toys Soaring Hover UFO Mini Drone,8.49,50,0.0
43,The Prototype Building Blocks 8.6in Figure Toy for Game Fans,20.69,50,0.0
44,Crocodile Dentist Game Kids Alligator Bite Finger Reaction Toy Family Fun,8.99,50,0.0
45,2pcs Fidget Controller Pad Stress Reducer Classic Game Pad Anti-anxiet for ADD,9.98,50,0.0
46,Schylling NeeDoh Nice Cube Sensory Fidget Cube Stress Relief Squishy Toy Gift!,16.0,50,0.0
47,Needoh Nice Baby Mini Ice Cube Fidget Cube Toy - Blue - Sensor Toy. Viral NEW,10.99,50,0.0
48,8pc Random Fidget Spinners Bulk-Mini Fidget Spinner Toys for Kids,3.99,50,0.0
49,Oloid Desktop Toy Reduce Pressure Smoothing Surfaces Stainless Steel,20.74,50,0.0
